name,surname,age,id
Ionescu,Angela,27,10010010001
Georgescu,Carina,34,10010010002
Anghelache,Cristian,29,10010010003
Cristache,Ion,46,10010010004
Popescu,Ana,33,10010010005
Sanda,Grigore,27,10010010006
Deleanu,Maria,35,10010010007
Tache,Iulian,56,10010010008
Ionescu,Selena,72,10010010009
Constantin,Sonia,45,10010010010
Ristache,Iolanda,20,10010010011
Olanescu,Radu,19,10010010012
Telea,Mihai,19,10010010013
Munteanu,Sorin,30,10010010014
Roda,Cristian,21,10010010015
Popescu,Nelu,60,10010010016
Apostolache,Dorian,34,10010010017
Georgescu,Larisa,40,10010010018
Ionescu,Ilinca,42,10010010019
Apostolache,Elena,36,10010010020
Ionescu,Vladimir,25,10010010021
Ghenea,Alexandra,21,10010010022
Moraru,Alex,22,10010010023
Tudor,Dan,46,10010010024
